{
  "basePath": "/v1",
  "contracts": {
    "RewardCommitRequest": {
      "type": "object",
      "required": [
        "playerId",
        "sessionId",
        "clientSeed",
        "nonce",
        "context"
      ],
      "properties": {
        "playerId": {
          "type": "string"
        },
        "sessionId": {
          "type": "string"
        },
        "clientSeed": {
          "type": "string",
          "description": "random 16-32 bytes base64/hex"
        },
        "nonce": {
          "type": "integer"
        },
        "context": {
          "type": "object",
          "required": [
            "mode",
            "build"
          ],
          "properties": {
            "mode": {
              "type": "string",
              "enum": [
                "daily",
                "paid"
              ]
            },
            "build": {
              "type": "string"
            },
            "deviceId": {
              "type": "string"
            }
          }
        }
      }
    },
    "RewardCommitResponse": {
      "type": "object",
      "required": [
        "eventId",
        "serverSeedHash",
        "configVersion",
        "configHash",
        "expiresAt",
        "risk"
      ],
      "properties": {
        "eventId": {
          "type": "string"
        },
        "serverSeedHash": {
          "type": "string"
        },
        "configVersion": {
          "type": "string"
        },
        "configHash": {
          "type": "string"
        },
        "expiresAt": {
          "type": "string"
        },
        "risk": {
          "type": "object",
          "required": [
            "risk_score",
            "high_risk"
          ],
          "properties": {
            "risk_score": {
              "type": "number"
            },
            "high_risk": {
              "type": "boolean"
            }
          }
        }
      }
    },
    "RewardRevealRequest": {
      "type": "object",
      "required": [
        "playerId",
        "eventId",
        "bucket",
        "eligibility",
        "shot"
      ],
      "properties": {
        "playerId": {
          "type": "string"
        },
        "eventId": {
          "type": "string"
        },
        "bucket": {
          "type": "string",
          "enum": [
            "WHEEL_UNLOCK",
            "CREDITS",
            "ITEM",
            "UTILITY"
          ]
        },
        "eligibility": {
          "type": "object",
          "required": [
            "potIndex",
            "wheelUnlocked"
          ],
          "properties": {
            "potIndex": {
              "type": "integer"
            },
            "wheelUnlocked": {
              "type": "boolean"
            }
          }
        },
        "shot": {
          "type": "object",
          "required": [
            "power01",
            "flightSeconds",
            "bounces"
          ],
          "properties": {
            "power01": {
              "type": "number"
            },
            "flightSeconds": {
              "type": "number"
            },
            "bounces": {
              "type": "integer"
            }
          }
        }
      }
    },
    "RewardRevealResponse": {
      "type": "object",
      "required": [
        "auditId",
        "eventId",
        "serverSeed",
        "serverSeedHash",
        "clientSeed",
        "nonce",
        "rand",
        "reward",
        "capsApplied",
        "risk"
      ],
      "properties": {
        "auditId": {
          "type": "string"
        },
        "eventId": {
          "type": "string"
        },
        "serverSeed": {
          "type": "string"
        },
        "serverSeedHash": {
          "type": "string"
        },
        "clientSeed": {
          "type": "string"
        },
        "nonce": {
          "type": "integer"
        },
        "rand": {
          "type": "string",
          "description": "hex HMAC output"
        },
        "reward": {
          "type": "object",
          "required": [
            "id",
            "type",
            "amount",
            "display"
          ],
          "properties": {
            "id": {
              "type": "string"
            },
            "type": {
              "type": "string"
            },
            "amount": {
              "type": "number"
            },
            "display": {
              "type": "string"
            }
          }
        },
        "capsApplied": {
          "type": "object",
          "properties": {
            "killSwitch": {
              "type": "boolean"
            },
            "userCooldownBlocked": {
              "type": "boolean"
            },
            "budgetBlocked": {
              "type": "boolean"
            },
            "evBlocked": {
              "type": "boolean"
            }
          }
        },
        "risk": {
          "type": "object",
          "required": [
            "risk_score",
            "high_risk"
          ],
          "properties": {
            "risk_score": {
              "type": "number"
            },
            "high_risk": {
              "type": "boolean"
            }
          }
        }
      }
    }
  }
}