{
  "$schema": "https://json-schema.org/draft/2020-12/schema",
  "title": "PONG Reward Config",
  "type": "object",
  "required": [
    "version",
    "generatedAt",
    "rules",
    "tables",
    "signature"
  ],
  "properties": {
    "version": {
      "type": "string",
      "pattern": "^v\\d+$"
    },
    "generatedAt": {
      "type": "string"
    },
    "rules": {
      "type": "object",
      "required": [
        "crypto",
        "caps",
        "ev"
      ],
      "properties": {
        "crypto": {
          "type": "object",
          "required": [
            "enabled",
            "wheelUnlockBase",
            "wheelCryptoSegment",
            "cryptoSplit"
          ],
          "properties": {
            "enabled": {
              "type": "boolean"
            },
            "wheelUnlockBase": {
              "type": "number",
              "minimum": 0,
              "maximum": 0.01
            },
            "wheelCryptoSegment": {
              "type": "number",
              "minimum": 0,
              "maximum": 0.05
            },
            "cryptoSplit": {
              "type": "object",
              "required": [
                "pi1",
                "pi10"
              ],
              "properties": {
                "pi1": {
                  "type": "number",
                  "minimum": 0,
                  "maximum": 1
                },
                "pi10": {
                  "type": "number",
                  "minimum": 0,
                  "maximum": 1
                }
              }
            }
          }
        },
        "caps": {
          "type": "object",
          "required": [
            "killSwitch",
            "maxPiPerDay",
            "maxPiPerMonth",
            "maxPiPerUserMonth",
            "userCooldownHours"
          ],
          "properties": {
            "killSwitch": {
              "type": "boolean"
            },
            "maxPiPerDay": {
              "type": "number",
              "minimum": 0
            },
            "maxPiPerMonth": {
              "type": "number",
              "minimum": 0
            },
            "maxPiPerUserMonth": {
              "type": "number",
              "minimum": 0
            },
            "userCooldownHours": {
              "type": "number",
              "minimum": 0
            }
          }
        },
        "ev": {
          "type": "object",
          "required": [
            "attemptPriceUsd",
            "payoutRatioMax",
            "piUsdRef"
          ],
          "properties": {
            "attemptPriceUsd": {
              "type": "number",
              "minimum": 0
            },
            "payoutRatioMax": {
              "type": "number",
              "minimum": 0,
              "maximum": 1
            },
            "piUsdRef": {
              "type": "number",
              "minimum": 0
            }
          }
        }
      }
    },
    "tables": {
      "type": "object",
      "required": [
        "wheel",
        "pots"
      ],
      "properties": {
        "wheel": {
          "type": "object",
          "required": [
            "nonCrypto",
            "crypto"
          ],
          "properties": {
            "nonCrypto": {
              "type": "array",
              "items": {
                "$ref": "#/definitions/entry"
              }
            },
            "crypto": {
              "type": "array",
              "items": {
                "$ref": "#/definitions/entry"
              }
            }
          }
        },
        "pots": {
          "type": "array",
          "minItems": 6,
          "maxItems": 6,
          "items": {
            "type": "object",
            "required": [
              "potIndex",
              "bucket",
              "tableRef"
            ],
            "properties": {
              "potIndex": {
                "type": "integer",
                "minimum": 0,
                "maximum": 5
              },
              "bucket": {
                "type": "string"
              },
              "tableRef": {
                "type": "string"
              }
            }
          }
        }
      }
    },
    "signature": {
      "type": "object",
      "required": [
        "alg",
        "keyId",
        "value",
        "configHash"
      ],
      "properties": {
        "alg": {
          "type": "string"
        },
        "keyId": {
          "type": "string"
        },
        "value": {
          "type": "string"
        },
        "configHash": {
          "type": "string"
        }
      }
    }
  },
  "definitions": {
    "entry": {
      "type": "object",
      "required": [
        "id",
        "type",
        "weight",
        "amount",
        "display"
      ],
      "properties": {
        "id": {
          "type": "string"
        },
        "type": {
          "type": "string"
        },
        "weight": {
          "type": "number",
          "minimum": 0
        },
        "amount": {
          "type": "number"
        },
        "display": {
          "type": "string"
        }
      }
    }
  }
}