{
  "version": "v1",
  "generatedAt": "2026-01-13T11:58:36.495152Z",
  "rules": {
    "crypto": {
      "enabled": true,
      "wheelUnlockBase": 0.001,
      "wheelCryptoSegment": 0.01,
      "cryptoSplit": {
        "pi1": 0.9,
        "pi10": 0.1
      }
    },
    "caps": {
      "killSwitch": false,
      "maxPiPerDay": 50,
      "maxPiPerMonth": 1000,
      "maxPiPerUserMonth": 2,
      "userCooldownHours": 72
    },
    "ev": {
      "attemptPriceUsd": 0.25,
      "payoutRatioMax": 0.15,
      "piUsdRef": 30.0
    }
  },
  "tables": {
    "wheel": {
      "crypto": [
        {
          "id": "wheel_pi1",
          "type": "CRYPTO_PI",
          "weight": 0.9,
          "amount": 1,
          "display": "Rare Bonus: 1 PI"
        },
        {
          "id": "wheel_pi10",
          "type": "CRYPTO_PI",
          "weight": 0.1,
          "amount": 10,
          "display": "Ultra-Rare Bonus: 10 PI"
        }
      ],
      "nonCrypto": [
        {
          "id": "wheel_credits_big",
          "type": "CREDITS",
          "weight": 0.35,
          "amount": 75,
          "display": "+75 Credits"
        },
        {
          "id": "wheel_attempt",
          "type": "PAID_ATTEMPT",
          "weight": 0.25,
          "amount": 1,
          "display": "+1 Extra Attempt"
        },
        {
          "id": "wheel_cosmetic",
          "type": "COSMETIC",
          "weight": 0.4,
          "amount": 1,
          "display": "Cosmetic: Aurora Frame (Epic)"
        }
      ]
    },
    "pots": [
      {
        "potIndex": 0,
        "bucket": "WHEEL_UNLOCK",
        "tableRef": "wheel"
      },
      {
        "potIndex": 1,
        "bucket": "CREDITS",
        "tableRef": "credits_small"
      },
      {
        "potIndex": 2,
        "bucket": "CREDITS",
        "tableRef": "credits_med"
      },
      {
        "potIndex": 3,
        "bucket": "ITEM",
        "tableRef": "item_rare"
      },
      {
        "potIndex": 4,
        "bucket": "ITEM",
        "tableRef": "item_epic"
      },
      {
        "potIndex": 5,
        "bucket": "UTILITY",
        "tableRef": "attempt_1"
      }
    ],
    "credits_small": {
      "entries": [
        {
          "id": "c10",
          "type": "CREDITS",
          "weight": 1,
          "amount": 10,
          "display": "+10 Credits"
        }
      ]
    },
    "credits_med": {
      "entries": [
        {
          "id": "c25",
          "type": "CREDITS",
          "weight": 1,
          "amount": 25,
          "display": "+25 Credits"
        }
      ]
    },
    "item_rare": {
      "entries": [
        {
          "id": "skin_rare",
          "type": "COSMETIC",
          "weight": 1,
          "amount": 1,
          "display": "Cosmetic: Neon Grip (Rare)"
        }
      ]
    },
    "item_epic": {
      "entries": [
        {
          "id": "skin_epic",
          "type": "COSMETIC",
          "weight": 1,
          "amount": 1,
          "display": "Cosmetic: Aurora Grip (Epic)"
        }
      ]
    },
    "attempt_1": {
      "entries": [
        {
          "id": "a1",
          "type": "PAID_ATTEMPT",
          "weight": 1,
          "amount": 1,
          "display": "+1 Extra Attempt"
        }
      ]
    }
  },
  "signature": {
    "alg": "HMAC-SHA256",
    "keyId": "dev_local_only",
    "value": "95e676ef7f75c583c015df437fbfd7b09f270a4178323c5cbded5d4c0c73ba92",
    "configHash": "d8e7a8f01029c5ac2b5f7b27963fe51aef1744c6ed60bcde7899025ce5a3ce75"
  }
}