{
  "version": "v1",
  "daily": [
    {
      "id": "play_3",
      "type": "PLAY_ATTEMPTS",
      "target": 3,
      "reward": {
        "type": "CREDITS",
        "amount": 30,
        "display": "+30 Credits"
      }
    },
    {
      "id": "score_1",
      "type": "SCORE_ANY",
      "target": 1,
      "reward": {
        "type": "CREDITS",
        "amount": 25,
        "display": "+25 Credits"
      }
    },
    {
      "id": "perfect_soft",
      "type": "SOFT_LAND",
      "target": 1,
      "reward": {
        "type": "COSMETIC",
        "amount": 1,
        "display": "Cosmetic: Tip Glow (Common)"
      }
    }
  ],
  "streak": {
    "everyDays": 7,
    "reward": {
      "type": "COSMETIC",
      "amount": 1,
      "display": "Cosmetic: Streak Halo (Rare)"
    }
  }
}